"file","category","confidence","needs_visual_review","referenced","format","width","height","bytes","references"
"src/assets/Aboutus/AboutUsHeroBanner.png","illustration or photograph","low","true","true","png","557","670","449280","src/components/AboutUs/BannerSection.astro"
"src/assets/Aboutus/Ellipse.png","icon","medium","true","false","png","68","74","1185",""
"src/assets/Aboutus/Founder1.png","photograph","medium","true","true","png","640","800","805153","src/data/about.ts"
"src/assets/Aboutus/Founder2.png","photograph","medium","true","true","png","640","800","772629","src/data/about.ts"
"src/assets/Aboutus/Founder3.png","photograph","medium","true","true","png","640","800","701789","src/data/about.ts"
"src/assets/Aboutus/Founder4.png","photograph","medium","true","true","png","640","800","866570","src/data/about.ts"
"src/assets/Aboutus/HeaderBanner.png","illustration or photograph","low","true","true","png","2880","1200","4389535","src/data/about.ts"
"src/assets/Aboutus/HeaderBanner2.png","illustration or photograph","low","true","false","png","393","264","230051",""
"src/assets/Aboutus/empowering1.png","illustration or photograph","low","true","true","png","292","383","206555","src/components/AboutUs/EmpoweringSection.astro"
"src/assets/Aboutus/empowering2.png","illustration or photograph","low","true","true","png","397","266","194042","src/components/AboutUs/EmpoweringSection.astro"
"src/assets/Aboutus/senior-couple.png","photograph","medium","true","true","png","428","285","208063","src/components/AboutUs/EmpoweringSection.astro"
"src/assets/Blog/Abhinav.png","illustration or photograph","low","true","false","png","640","800","426908",""
"src/assets/Blog/Blog22Infographic.jpg","photograph or generated artwork","low","true","true","jpeg","2124","1320","964966","src/content/blogs/footwear.md"
"src/assets/Blog/Blog23Infographic.jpg","photograph or generated artwork","low","true","true","jpeg","2124","1320","865004","src/content/blogs/winter-safety.md"
"src/assets/Blog/Blog24Infographic.jpg","photograph or generated artwork","low","true","true","jpeg","2124","1320","435628","src/content/blogs/seniors-ill.md"
"src/assets/Blog/Blog26Infographic.jpg","photograph or generated artwork","low","true","true","jpeg","2124","1320","2067038","src/content/blogs/zindagi.md"
"src/assets/Blog/Blog27Infographic.jpg","photograph or generated artwork","low","true","true","jpeg","2124","1320","1418174","src/content/blogs/aging-reality.md"
"src/assets/Blog/Blog28Infographic.jpg","photograph or generated artwork","low","true","true","jpeg","2124","1320","2700608","src/content/blogs/kabhi-khushi.md"
"src/assets/Blog/Blog29Infographic.jpg","photograph or generated artwork","low","true","true","jpeg","2124","1320","1057934","src/content/blogs/stairway-safety.md"
"src/assets/Blog/Blog30Infographic.jpg","photograph or generated artwork","low","true","true","jpeg","2124","1420","1462609","src/content/blogs/why-not-me.md"
"src/assets/Blog/Blog31Infographic.jpg","photograph or generated artwork","low","true","true","jpeg","2124","1198","1441549","src/content/blogs/safety-features.md"
"src/assets/Blog/Blog32Infographic.jpg","photograph or generated artwork","low","true","true","jpeg","2124","1198","1126819","src/content/blogs/NRI-parent-care.md"
"src/assets/Blog/Blog33Infographic.jpg","photograph or generated artwork","low","true","true","jpeg","2124","1198","1095042","src/content/blogs/miles-away.md"
"src/assets/Blog/Blog34Infographic.png","illustration or photograph","low","true","true","png","2136","1424","2803546","src/content/blogs/monsoon.md"
"src/assets/Blog/BlogDiwali1.jpg","photograph or generated artwork","low","true","true","jpeg","2124","1320","2388515","src/components/constants/home.ts; src/content/blogs/safety-diwali.md"
"src/assets/Blog/BlogDiwali2.jpg","photograph or generated artwork","low","true","true","jpeg","2124","1320","2503300","src/components/constants/home.ts; src/content/blogs/travel-diwali.md"
"src/assets/Blog/BlogImage(Infographics)1.jpg","photograph or generated artwork","low","true","true","jpeg","2124","1320","496052","src/content/blogs/fall.md"
"src/assets/Blog/BlogImage(Infographics)2.jpg","photograph or generated artwork","low","true","true","jpeg","2124","1320","833288","src/content/blogs/epidemic.md"
"src/assets/Blog/BlogImage(Infographics)7.jpg","photograph or generated artwork","low","true","true","jpeg","2124","1320","686498","src/content/blogs/arthritis.md"
"src/assets/Blog/BlogImage(SecondaryBannerImage)1.jpg","photograph or generated artwork","low","true","true","jpeg","2124","1320","3417616","src/content/blogs/fall.md"
"src/assets/Blog/BlogImage1.jpg","photograph or generated artwork","low","true","true","jpeg","2124","1320","1210032","src/components/constants/home.ts; src/content/blogs/fall.md"
"src/assets/Blog/BlogImage10.jpg","photograph or generated artwork","low","true","true","jpeg","2124","1320","2425125","src/components/constants/home.ts; src/content/blogs/vision.md"
"src/assets/Blog/BlogImage11.jpg","photograph or generated artwork","low","true","true","jpeg","2124","1320","2525558","src/components/constants/home.ts; src/content/blogs/critical.md"
"src/assets/Blog/BlogImage12.jpg","photograph or generated artwork","low","true","true","jpeg","2124","1320","2690028","src/components/constants/home.ts; src/content/blogs/diet.md"
"src/assets/Blog/BlogImage13.jpg","photograph or generated artwork","low","true","true","jpeg","2124","1320","2617552","src/components/constants/home.ts; src/content/blogs/checkup.md"
"src/assets/Blog/BlogImage14.jpg","photograph or generated artwork","low","true","true","jpeg","2124","1320","2371438","src/components/constants/home.ts; src/content/blogs/mobility.md"
"src/assets/Blog/BlogImage15.jpg","photograph or generated artwork","low","true","true","jpeg","2124","1320","2433928","src/components/constants/home.ts; src/content/blogs/sleep-hygiene.md"
"src/assets/Blog/BlogImage16.jpg","photograph or generated artwork","low","true","true","jpeg","2124","1320","2864735","src/components/constants/home.ts; src/content/blogs/conversations.md"
"src/assets/Blog/BlogImage17.jpg","photograph or generated artwork","low","true","true","jpeg","2124","1320","2635233","src/components/constants/home.ts; src/content/blogs/silver-tsunami.md"
"src/assets/Blog/BlogImage18.jpg","photograph or generated artwork","low","true","true","jpeg","2124","1320","2159140","src/components/constants/home.ts; src/content/blogs/new-year.md"
"src/assets/Blog/BlogImage19.jpg","photograph or generated artwork","low","true","true","jpeg","2124","1320","1958343","src/components/constants/home.ts; src/content/blogs/newYear-gift.md"
"src/assets/Blog/BlogImage2(SecondaryBannerImage)2.jpg","photograph or generated artwork","low","true","true","jpeg","2124","1320","820551","src/content/blogs/epidemic.md"
"src/assets/Blog/BlogImage2.jpg","photograph or generated artwork","low","true","true","jpeg","2124","1320","911155","src/components/constants/home.ts; src/content/blogs/epidemic.md"
"src/assets/Blog/BlogImage20.jpg","photograph or generated artwork","low","true","true","jpeg","2124","1320","2176520","src/components/constants/home.ts; src/content/blogs/safe-home.md"
"src/assets/Blog/BlogImage21.jpg","photograph or generated artwork","low","true","true","jpeg","2124","1320","1548841","src/components/constants/home.ts; src/content/blogs/missedCall.md"
"src/assets/Blog/BlogImage22.jpg","photograph or generated artwork","low","true","true","jpeg","2124","1320","1996928","src/components/constants/home.ts; src/content/blogs/footwear.md"
"src/assets/Blog/BlogImage23.jpg","photograph or generated artwork","low","true","true","jpeg","2124","1320","1834593","src/components/constants/home.ts; src/content/blogs/winter-safety.md"
"src/assets/Blog/BlogImage24.jpg","photograph or generated artwork","low","true","true","jpeg","2124","1320","1825052","src/components/constants/home.ts; src/content/blogs/seniors-ill.md"
"src/assets/Blog/BlogImage26.jpg","photograph or generated artwork","low","true","true","jpeg","2124","1320","1662665","src/components/constants/home.ts; src/content/blogs/zindagi.md"
"src/assets/Blog/BlogImage27.jpg","photograph or generated artwork","low","true","true","jpeg","2124","1320","2250271","src/components/constants/home.ts; src/content/blogs/aging-reality.md"
"src/assets/Blog/BlogImage28.jpg","photograph or generated artwork","low","true","true","jpeg","2124","1320","1961212","src/components/constants/home.ts; src/content/blogs/kabhi-khushi.md"
"src/assets/Blog/BlogImage29.jpg","photograph or generated artwork","low","true","true","jpeg","2124","1320","2216333","src/components/constants/home.ts; src/content/blogs/stairway-safety.md"
"src/assets/Blog/BlogImage3.jpg","photograph or generated artwork","low","true","true","jpeg","2124","1320","1477795","src/components/constants/home.ts; src/content/blogs/safety.md"
"src/assets/Blog/BlogImage30.jpg","photograph or generated artwork","low","true","true","jpeg","2124","1320","1863349","src/components/constants/home.ts; src/content/blogs/why-not-me.md"
"src/assets/Blog/BlogImage31.jpg","photograph or generated artwork","low","true","true","jpeg","2124","1320","1886551","src/components/constants/home.ts; src/content/blogs/safety-features.md"
"src/assets/Blog/BlogImage32.jpg","photograph or generated artwork","low","true","true","jpeg","2124","1320","1473053","src/components/constants/home.ts; src/content/blogs/NRI-parent-care.md"
"src/assets/Blog/BlogImage33.jpg","photograph or generated artwork","low","true","true","jpeg","2124","1320","1791561","src/components/constants/home.ts; src/content/blogs/miles-away.md"
"src/assets/Blog/BlogImage34.jpg","photograph or generated artwork","low","true","true","jpeg","2124","1320","1889718","src/components/constants/home.ts; src/content/blogs/monsoon.md"
"src/assets/Blog/BlogImage4.jpg","photograph or generated artwork","low","true","true","jpeg","2124","1320","2735946","src/components/constants/home.ts; src/content/blogs/safety-tips.md"
"src/assets/Blog/BlogImage5.jpg","photograph or generated artwork","low","true","true","jpeg","2124","1320","2286166","src/components/constants/home.ts; src/content/blogs/alarms.md"
"src/assets/Blog/BlogImage6.jpg","photograph or generated artwork","low","true","true","jpeg","2124","1320","2603216","src/components/constants/home.ts; src/content/blogs/caring.md"
"src/assets/Blog/BlogImage7.jpg","photograph or generated artwork","low","true","true","jpeg","2124","1320","2464902","src/components/constants/home.ts; src/content/blogs/arthritis.md"
"src/assets/Blog/BlogImage8.jpg","photograph or generated artwork","low","true","true","jpeg","2124","1320","2234010","src/components/constants/home.ts; src/content/blogs/balance.md"
"src/assets/Blog/BlogImage9.jpg","photograph or generated artwork","low","true","true","jpeg","2124","1320","1389886","src/components/constants/home.ts; src/content/blogs/mental-health.md"
"src/assets/Blog/Divider.png","icon","high","false","true","png","1120","1","170","src/pages/blogs/[slug].astro"
"src/assets/Blog/HoliBanner.jpg","photograph or generated artwork","low","true","true","jpeg","2124","1320","2608360","src/components/constants/home.ts; src/content/blogs/holi-safety.md"
"src/assets/Blog/HoliInfographic.jpg","photograph or generated artwork","low","true","true","jpeg","2124","1320","2638233","src/content/blogs/holi-safety.md"
"src/assets/Blog/struggle1.png","illustration or photograph","low","true","true","png","435","398","364448","src/components/constants/home.ts"
"src/assets/Blog/struggle2.png","illustration or photograph","low","true","true","png","434","398","334599","src/components/constants/home.ts"
"src/assets/Blog/struggle3.png","illustration or photograph","low","true","true","png","435","398","344759","src/components/constants/home.ts"
"src/assets/Cart/productImage.png","product imagery","medium","true","true","png","80","80","15054","src/components/constants/cart.ts"
"src/assets/Common/Group.png","illustration or photograph","low","true","true","png","600","576","21213","src/pages/success.astro"
"src/assets/Common/India.png","illustration or photograph","low","true","true","png","658","450","41736","src/pages/store.astro"
"src/assets/Common/International.png","illustration or photograph","low","true","true","png","656","450","60188","src/pages/store.astro"
"src/assets/Common/RightChervon.png","icon","medium","true","false","png","10","17","172",""
"src/assets/Common/Tick.png","icon","high","false","true","png","36","37","1116","src/components/Orders/OrderStatusCard.astro; src/pages/order-details/[id].astro"
"src/assets/Common/contactLogo1.png","logo","high","false","true","png","40","40","2432","src/pages/contact.astro"
"src/assets/Common/contactLogo2.png","logo","high","false","true","png","40","40","730","src/pages/contact.astro"
"src/assets/Common/contactLogo3.png","logo","high","false","true","png","40","40","870","src/pages/contact.astro"
"src/assets/Common/contactLogo4.png","logo","high","false","true","png","40","40","620","src/pages/contact.astro"
"src/assets/Device/Alarm.png","product imagery","medium","true","true","png","591","629","188545","src/components/constants/device.ts; src/components/constants/newHome.ts"
"src/assets/Device/AlarmInside.png","product imagery","medium","true","true","png","2720","1800","7114195","src/components/constants/device.ts; src/components/constants/newHome.ts"
"src/assets/Device/AlarmOutside.png","product imagery","medium","true","true","png","2720","1800","6366381","src/components/constants/device.ts"
"src/assets/Device/BathroomImage.png","product imagery","medium","true","true","png","1440","826","2297009","src/components/constants/device.ts"
"src/assets/Device/BathroomImageMob.png","product imagery","medium","true","true","png","786","722","1029827","src/components/constants/device.ts"
"src/assets/Device/BlackCheck.png","product imagery","medium","true","true","png","59","59","1020","src/components/constants/device.ts"
"src/assets/Device/Camera.png","product imagery","medium","true","true","png","20","19","523","src/components/constants/device.ts"
"src/assets/Device/Lock.png","product imagery","medium","true","true","png","711","461","134285","src/components/constants/device.ts"
"src/assets/Device/LoudAlarm.png","product imagery","medium","true","true","png","22","20","500","src/components/constants/device.ts; src/components/constants/newHome.ts"
"src/assets/Device/NoWifi.png","product imagery","medium","true","true","png","24","24","525","src/components/constants/device.ts"
"src/assets/Device/PanicButton.png","product imagery","medium","true","true","png","508","427","118692","src/components/constants/device.ts"
"src/assets/Device/Power.png","product imagery","medium","true","true","png","18","18","470","src/components/constants/device.ts"
"src/assets/Device/StepImage1.png","product imagery","medium","true","true","png","1800","764","1547600","src/components/constants/device.ts; src/components/constants/newHome.ts"
"src/assets/Device/StepImage2.png","product imagery","medium","true","true","png","1800","764","1573768","src/components/constants/device.ts; src/components/constants/newHome.ts"
"src/assets/Device/StepImage3.png","product imagery","medium","true","true","png","1800","764","1826182","src/components/constants/device.ts"
"src/assets/Device/StepImage4.png","product imagery","medium","true","true","png","1800","764","1394422","src/components/constants/device.ts"
"src/assets/Home/Discount.png","illustration or photograph","low","true","true","png","1238","663","136542","src/pages/offers/fathers-day-2025.astro"
"src/assets/Home/DiscountNew.png","illustration or photograph","low","true","true","png","822","824","75475","src/pages/offers/yoga-day-2025.astro"
"src/assets/Home/FatherBannerNew.png","illustration or photograph","low","true","true","png","3090","1533","3456234","src/pages/offers/fathers-day-2025.astro"
"src/assets/Home/FatherImage.png","illustration or photograph","low","true","true","png","2598","1216","4119689","src/pages/offers/fathers-day-2025.astro; src/pages/offers/yoga-day-2025.astro"
"src/assets/Home/FathersdayImage.png","illustration or photograph","low","true","false","png","1030","511","761752",""
"src/assets/Home/HandleImage.png","illustration or photograph","low","true","true","png","650","489","534377","src/components/constants/home.ts"
"src/assets/Home/Hero_17.png","illustration or photograph","low","true","true","png","6400","4132","6462672","src/components/constants/home.ts; src/pages/offers/fathers-day-2025.astro; src/pages/offers/yoga-day-2025.astro"
"src/assets/Home/HomePageBannerMobile.png","illustration or photograph","low","true","false","png","393","593","457402",""
"src/assets/Home/HomePageEmergencyBanner.png","illustration or photograph","low","true","false","png","578","497","378795",""
"src/assets/Home/YogadayImage.png","illustration or photograph","low","true","true","png","3090","1534","2180216","src/pages/offers/yoga-day-2025.astro"
"src/assets/Home/appStore.png","logo","high","false","true","png","288","96","6389","src/components/Home/CircleMembership.astro"
"src/assets/Home/bentoMobile.png","illustration or photograph","low","true","true","png","1059","1255","540728","src/components/constants/home.ts"
"src/assets/Home/circleApp.png","screenshot","medium","true","true","png","2560","1086","1198754","src/components/constants/home.ts"
"src/assets/Home/circleAppMobile.png","screenshot","medium","true","true","png","706","733","499119","src/components/constants/home.ts"
"src/assets/Home/googleStore.png","logo","high","false","true","png","324","96","5770","src/components/Home/CircleMembership.astro"
"src/assets/Home/notifications.png","screenshot","medium","true","true","png","2560","1172","272723","src/components/Home/ScrollText.astro"
"src/assets/Home/powerfulBento.png","illustration or photograph","low","true","true","png","2720","1172","846050","src/components/constants/home.ts"
"src/assets/Home/powerfulFeat1.png","illustration or photograph","low","true","true","png","706","837","68900","src/components/constants/home.ts"
"src/assets/Home/powerfulFeat1Mobile.png","illustration or photograph","low","true","true","png","1059","1255","120818","src/components/constants/home.ts"
"src/assets/Home/powerfulFeat2.png","illustration or photograph","low","true","true","png","1560","1278","251193","src/components/constants/home.ts"
"src/assets/Home/powerfulFeat2Mobile.png","illustration or photograph","low","true","true","png","1059","869","155248","src/components/constants/home.ts"
"src/assets/Home/powerfulFeatDemo.png","illustration or photograph","low","true","true","png","2560","1172","541022","src/components/Home/ScrollText.astro"
"src/assets/Home/shop1new.png","illustration or photograph","low","true","true","png","1160","1161","2185884","src/components/constants/home.ts"
"src/assets/Home/shop2new.png","illustration or photograph","low","true","true","png","1161","1161","1248238","src/components/constants/home.ts"
"src/assets/Home/shop3new.png","illustration or photograph","low","true","true","png","1161","1161","1479650","src/components/constants/home.ts"
"src/assets/Join/JoinPhoto.png","photograph","medium","true","true","png","324","316","131792","src/components/Waitlist/PostFormField.astro"
"src/assets/Manifesto/manifesto_explanation1.png","illustration or photograph","low","true","true","png","1238","844","1516329","src/components/constants/manifesto.ts"
"src/assets/Manifesto/manifesto_explanation2.png","illustration or photograph","low","true","true","png","1240","720","285725","src/components/constants/manifesto.ts"
"src/assets/Manifesto/manifesto_explanation3.png","illustration or photograph","low","true","true","png","1240","720","978848","src/components/constants/manifesto.ts"
"src/assets/Manifesto/manifesto_explanation4.png","illustration or photograph","low","true","true","png","1238","720","941041","src/components/constants/manifesto.ts"
"src/assets/Manifesto/manifesto_explanation5.png","illustration or photograph","low","true","true","png","1238","720","906287","src/components/constants/manifesto.ts"
"src/assets/Manifesto/manifesto_explanation6.png","illustration or photograph","low","true","true","png","1238","720","1130371","src/components/constants/manifesto.ts"
"src/assets/Manifesto/worldSafety1.png","illustration or photograph","low","true","true","png","1000","1002","1533276","src/components/constants/manifesto.ts"
"src/assets/Manifesto/worldSafety2.png","illustration or photograph","low","true","true","png","1000","1000","1454030","src/components/constants/manifesto.ts"
"src/assets/Manifesto/worldSafety3.png","illustration or photograph","low","true","true","png","1000","1000","412210","src/components/constants/manifesto.ts"
"src/assets/Navbar/Account.png","icon","medium","true","false","png","48","48","1313",""
"src/assets/Navbar/ChatGPTImage.png","generated artwork","high","true","false","png","1024","1024","1777809",""
"src/assets/Navbar/Eyeagle.png","icon","medium","true","false","png","244","54","3007",""
"src/assets/Navbar/EyeagleLogo.png","logo","high","false","false","png","649","144","7875",""
"src/assets/Navbar/EyeagleLogoBlack.png","logo","high","false","false","png","1240","198","13050",""
"src/assets/Navbar/EyeagleLogoMobile.png","logo","high","false","false","png","94","24","1649",""
"src/assets/Navbar/EyeagleLogoMobileBlack.png","logo","high","false","false","png","94","24","995",""
"src/assets/Navbar/EyeagleRevampLogo.png","logo","high","false","false","png","186","28","1338",""
"src/assets/Navbar/EyeagleSecondLogo.png","logo","high","false","false","png","120","28","1359",""
"src/assets/Navbar/Frame7.jpg","illustration or photograph","low","true","true","jpeg","2880","2640","991422","src/components/constants/home.ts"
"src/assets/Navbar/FrameNew.jpg","illustration or photograph","low","true","false","jpeg","4321","3971","2218945",""
"src/assets/Navbar/HeroImage.png","illustration or photograph","low","true","true","png","1920","1776","3902597","src/components/constants/app.ts"
"src/assets/Navbar/HeroImage1.png","illustration or photograph","low","true","false","png","640","592","611778",""
"src/assets/Navbar/HeroSection.png","illustration or photograph","low","true","false","png","1440","823","1969935",""
"src/assets/Navbar/WhatsAppImage.jpeg","photograph","medium","true","false","jpeg","787","1600","98021",""
"src/assets/Navbar/bathroomImage1.png","product imagery","medium","true","false","png","972","1200","1751146",""
"src/assets/Navbar/bathroomImage1new.png","product imagery","medium","true","true","png","888","816","1076650","src/components/constants/home.ts"
"src/assets/Navbar/bathroomImage2.png","product imagery","medium","true","false","png","966","1200","1491113",""
"src/assets/Navbar/bathroomImage3.png","product imagery","medium","true","false","png","966","1200","936620",""
"src/assets/Navbar/bathroomImage3new.png","product imagery","medium","true","true","png","888","816","577235","src/components/constants/home.ts"
"src/assets/Navbar/bathroomImage4.png","product imagery","medium","true","false","png","966","1200","42471",""
"src/assets/Navbar/bathroomImage4new.png","product imagery","medium","true","true","png","296","272","60246","src/components/constants/home.ts"
"src/assets/Navbar/bathroomimage2new.png","product imagery","medium","true","false","png","888","816","966978",""
"src/assets/Navbar/desireImage.png","illustration or photograph","low","true","true","png","1440","900","1478436","src/pages/solution.astro"
"src/assets/Navbar/guardianKit.png","product imagery","medium","true","true","png","1932","1274","3406315","src/components/Home/ServiceSection.astro"
"src/assets/Navbar/guardiankit01.png","product imagery","medium","true","true","png","361","292","134009","src/components/Home/ServiceSection.astro"
"src/assets/Navbar/guardiankit02.png","product imagery","medium","true","true","png","362","293","23874","src/components/Home/ServiceSection.astro"
"src/assets/Navbar/guardiankit03.png","product imagery","medium","true","true","png","362","293","40772","src/components/Home/ServiceSection.astro"
"src/assets/Navbar/guardiankit1.png","product imagery","medium","true","false","png","1340","758","1437106",""
"src/assets/Navbar/guardiankit1desktop.webp","product imagery","medium","true","true","webp","1225","693","619572","src/components/Home/ServiceSection.astro"
"src/assets/Navbar/guardiankit1new.png","product imagery","medium","true","false","png","542","438","358705",""
"src/assets/Navbar/guardiankit2desktop.webp","product imagery","medium","true","true","webp","1079","693","72966","src/components/Home/ServiceSection.astro"
"src/assets/Navbar/guardiankit2new.png","product imagery","medium","true","false","png","543","439","42752",""
"src/assets/Navbar/guardiankit3.png","product imagery","medium","true","true","png","2560","758","723806","src/components/Home/ServiceSection.astro"
"src/assets/Navbar/guardiankit3Mobile.png","product imagery","medium","true","false","png","1180","758","215461",""
"src/assets/Navbar/guardiankit3new.png","product imagery","medium","true","false","png","543","508","93722",""
"src/assets/Navbar/image-02.png","illustration or photograph","low","true","false","png","1086","876","170945",""
"src/assets/Navbar/kitImage1new.png","illustration or photograph","low","true","true","png","350","280","110740","src/components/constants/home.ts"
"src/assets/Navbar/kitImage2new.png","illustration or photograph","low","true","true","png","350","280","123086","src/components/constants/home.ts"
"src/assets/Navbar/kitImage3new.png","illustration or photograph","low","true","true","png","350","584","295589","src/components/constants/home.ts"
"src/assets/Navbar/kitImage4new.png","illustration or photograph","low","true","true","png","696","280","390365","src/components/constants/home.ts"
"src/assets/Navbar/kitImage5new.png","illustration or photograph","low","true","true","png","694","280","136330","src/components/constants/home.ts"
"src/assets/Navbar/kitItem1.png","illustration or photograph","low","true","false","png","320","553","301184",""
"src/assets/Navbar/kitItem2.png","illustration or photograph","low","true","false","png","632","277","398912",""
"src/assets/Navbar/kitItem3.png","illustration or photograph","low","true","false","png","632","257","258005",""
"src/assets/Navbar/kitItem4.png","illustration or photograph","low","true","false","png","320","281","139178",""
"src/assets/Navbar/kitItem5.png","illustration or photograph","low","true","false","png","320","257","105481",""
"src/assets/Navbar/kitMobile1.png","illustration or photograph","low","true","true","png","546","840","398853","src/components/constants/home.ts"
"src/assets/Navbar/kitMobile2.png","illustration or photograph","low","true","true","png","546","840","349066","src/components/constants/home.ts"
"src/assets/Navbar/kitMobile3.png","illustration or photograph","low","true","true","png","546","841","540343","src/components/constants/home.ts"
"src/assets/Navbar/kitMobile4.png","illustration or photograph","low","true","true","png","546","841","749264","src/components/constants/home.ts"
"src/assets/Navbar/kitmobile5.png","illustration or photograph","low","true","true","png","546","847","46363","src/components/constants/home.ts"
"src/assets/Navbar/latestimage.png","illustration or photograph","low","true","false","png","1603","3331","3022015",""
"src/assets/Navbar/newimage.png","illustration or photograph","low","true","false","png","1834","3451","2995869",""
"src/assets/Navbar/ourTeam.png","illustration or photograph","low","true","false","png","1421","676","1156994",""
"src/assets/Navbar/struggle1.png","illustration or photograph","low","true","true","png","435","398","364448","src/components/constants/home.ts"
"src/assets/Navbar/struggle1mobile.png","illustration or photograph","low","true","false","png","300","261","149484",""
"src/assets/Navbar/struggle1new.png","illustration or photograph","low","true","false","png","1380","1197","2652661",""
"src/assets/Navbar/struggle2.png","illustration or photograph","low","true","true","png","434","398","334599","src/components/constants/home.ts"
"src/assets/Navbar/struggle2mobile.png","illustration or photograph","low","true","false","png","300","261","148918",""
"src/assets/Navbar/struggle2new.png","illustration or photograph","low","true","false","png","1380","1197","2655644",""
"src/assets/Navbar/struggle3.png","illustration or photograph","low","true","true","png","435","398","344759","src/components/constants/home.ts"
"src/assets/Navbar/struggle3mobile.png","illustration or photograph","low","true","false","png","900","781","1100864",""
"src/assets/Navbar/struggle3new.png","illustration or photograph","low","true","false","png","1380","1197","2562522",""
"src/assets/Navbar/takeCareImage1.png","illustration or photograph","low","true","true","png","619","361","304048","src/components/constants/home.ts"
"src/assets/Navbar/takeCareImage2.png","illustration or photograph","low","true","true","png","619","361","171879","src/components/constants/home.ts"
"src/assets/Navbar/tick.png","icon","high","false","false","png","80","80","4054",""
"src/assets/NewApp/AppInfograph.png","screenshot","medium","true","true","png","1866","1298","854959","src/components/constants/app.ts"
"src/assets/NewApp/AppStore.png","logo","high","false","true","png","564","240","37526","src/components/constants/app.ts"
"src/assets/NewApp/BackupImage.png","screenshot","medium","true","true","png","840","783","957300","src/components/constants/app.ts"
"src/assets/NewApp/CTAImage.png","illustration or photograph","low","true","true","png","2880","1112","27761","src/components/constants/app.ts"
"src/assets/NewApp/FamilyImage1.png","illustration or photograph","low","true","true","png","1620","1215","2198113","src/components/constants/app.ts"
"src/assets/NewApp/FamilyImage2.png","illustration or photograph","low","true","true","png","1620","1215","1987287","src/components/constants/app.ts"
"src/assets/NewApp/FamilyImage3.png","illustration or photograph","low","true","true","png","1620","1215","2833298","src/components/constants/app.ts"
"src/assets/NewApp/FeatureImage1.png","illustration or photograph","low","true","true","png","840","902","193735","src/components/constants/app.ts"
"src/assets/NewApp/FeatureImage2.png","illustration or photograph","low","true","true","png","840","902","216237","src/components/constants/app.ts"
"src/assets/NewApp/FeatureImage3.png","illustration or photograph","low","true","true","png","840","902","332253","src/components/constants/app.ts"
"src/assets/NewApp/FlightImage.png","illustration or photograph","low","true","true","png","2880","1403","4101679","src/components/constants/app.ts"
"src/assets/NewApp/Hero-mobile.png","illustration or photograph","low","true","false","png","393","597","4092",""
"src/assets/NewApp/Hero-new-mobile.png","illustration or photograph","low","true","true","png","790","1704","1349918","src/components/constants/app.ts"
"src/assets/NewApp/Hero.png","illustration or photograph","low","true","false","png","1440","1070","23522",""
"src/assets/NewApp/HeroImage.png","illustration or photograph","low","true","true","png","2880","1770","4695550","src/components/constants/app.ts"
"src/assets/NewApp/HeroImageMobile.png","illustration or photograph","low","true","false","png","393","526","7226",""
"src/assets/NewApp/ImageCard-1.png","illustration or photograph","low","true","true","png","682","916","1065066","src/components/constants/app.ts"
"src/assets/NewApp/ImageCard-2.png","illustration or photograph","low","true","true","png","682","916","932167","src/components/constants/app.ts"
"src/assets/NewApp/ImageCard-3.png","illustration or photograph","low","true","true","png","682","916","1202983","src/components/constants/app.ts"
"src/assets/NewApp/ImageCard-4.png","illustration or photograph","low","true","true","png","682","916","799994","src/components/constants/app.ts"
"src/assets/NewApp/ImageCard-5.png","illustration or photograph","low","true","true","png","682","916","1112496","src/components/constants/app.ts"
"src/assets/NewApp/ImageCard-6.png","illustration or photograph","low","true","true","png","682","916","1190129","src/components/constants/app.ts"
"src/assets/NewApp/Line.png","icon","high","false","true","png","1200","1","139","src/components/constants/app.ts; src/components/constants/device.ts"
"src/assets/NewApp/PlayStore.png","logo","high","false","true","png","603","240","43324","src/components/constants/app.ts"
"src/assets/NewApp/Testimonial1.png","photograph","medium","true","true","webp","1402","1122","1273610","src/components/constants/app.ts; src/components/constants/newHome.ts"
"src/assets/NewApp/Testimonial2.png","photograph","medium","true","true","webp","1402","1122","1578846","src/components/constants/app.ts; src/components/constants/newHome.ts"
"src/assets/NewApp/Testimonial3.png","photograph","medium","true","true","png","1448","1086","1969742","src/components/constants/app.ts; src/components/constants/newHome.ts"
"src/assets/NewApp/Testimonial4.png","photograph","medium","true","true","webp","1402","1122","1507782","src/components/constants/app.ts; src/components/constants/newHome.ts"
"src/assets/NewApp/Testimonial5.png","photograph","medium","true","true","webp","572","1024","419034","src/components/constants/app.ts; src/components/constants/newHome.ts"
"src/assets/NewApp/Testimonial6.png","photograph","medium","true","true","png","1475","1066","2160381","src/components/constants/app.ts"
"src/assets/NewApp/check.png","icon","high","false","true","png","59","59","1842","src/components/constants/app.ts"
"src/assets/NewHome/AppImage.png","screenshot","medium","true","true","png","1440","601","1174941","src/components/constants/newHome.ts"
"src/assets/NewHome/Backup.png","icon","medium","true","true","png","36","36","513","src/components/constants/newHome.ts"
"src/assets/NewHome/BathroomKitImage.png","product imagery","medium","true","true","png","4320","1803","4002089","src/components/constants/newHome.ts"
"src/assets/NewHome/HelpImage.png","illustration or photograph","low","true","true","png","1536","879","1944499","src/components/constants/newHome.ts"
"src/assets/NewHome/HelpImageMobile.png","illustration or photograph","low","true","true","png","786","1352","714773","src/components/constants/newHome.ts"
"src/assets/NewHome/HeroMobile.png","illustration or photograph","low","true","true","png","393","163","95491","src/components/constants/newHome.ts"
"src/assets/NewHome/HomeImage.png","illustration or photograph","low","true","true","png","4320","1782","1979697","src/components/constants/newHome.ts; src/layouts/MainLayout.astro"
"src/assets/NewHome/LoudAlarm.png","icon","medium","true","true","png","36","36","804","src/components/constants/device.ts; src/components/constants/newHome.ts"
"src/assets/NewHome/Moment1.png","illustration or photograph","low","true","true","png","379","364","234039","src/components/constants/newHome.ts"
"src/assets/NewHome/Moment2.png","illustration or photograph","low","true","true","png","379","364","235504","src/components/constants/newHome.ts"
"src/assets/NewHome/Moment3.png","illustration or photograph","low","true","true","png","379","364","209841","src/components/constants/newHome.ts"
"src/assets/NewHome/Offline.png","icon","medium","true","true","png","36","36","852","src/components/constants/newHome.ts"
"src/assets/NewHome/StepImage5.png","illustration or photograph","low","true","true","png","1200","509","953123","src/components/constants/newHome.ts"
"src/assets/NewHome/StepImage6.png","illustration or photograph","low","true","true","png","1200","509","637820","src/components/constants/newHome.ts"
"src/assets/NewHome/Testimonial1.png","photograph","medium","true","true","png","100","100","23687","src/components/constants/app.ts; src/components/constants/newHome.ts"
"src/assets/NewHome/Testimonial2.png","photograph","medium","true","true","png","100","100","19347","src/components/constants/app.ts; src/components/constants/newHome.ts"
"src/assets/NewHome/Testimonial3.png","photograph","medium","true","true","png","100","100","16808","src/components/constants/app.ts; src/components/constants/newHome.ts"
"src/assets/NewHome/Testimonial4.png","photograph","medium","true","true","png","100","100","20846","src/components/constants/app.ts; src/components/constants/newHome.ts"
"src/assets/NewHome/Testimonial5.png","photograph","medium","true","true","png","100","100","22952","src/components/constants/app.ts; src/components/constants/newHome.ts"
"src/assets/NewHome/app.png","illustration or photograph","low","true","true","png","1143","642","115831","src/components/constants/newHome.ts"
"src/assets/NewHome/audit.png","illustration or photograph","low","true","true","png","1143","639","1044770","src/components/constants/newHome.ts"
"src/assets/NewHome/device.png","product imagery","medium","true","true","png","1143","642","128917","src/components/constants/newHome.ts"
"src/assets/NewHome/kit.png","illustration or photograph","low","true","true","png","1143","639","511664","src/components/constants/newHome.ts"
"src/assets/NewHome/step1.png","illustration or photograph","low","true","true","png","1200","510","987743","src/components/constants/newHome.ts"
"src/assets/NewHome/step2.png","illustration or photograph","low","true","true","png","1200","510","824420","src/components/constants/newHome.ts"
"src/assets/NewHome/works1.png","illustration or photograph","low","true","true","png","1096","720","957069","src/components/constants/newHome.ts"
"src/assets/NewHome/works2.png","illustration or photograph","low","true","true","png","1096","720","1202746","src/components/constants/newHome.ts"
"src/assets/NewHome/works3.png","illustration or photograph","low","true","true","png","1096","720","770428","src/components/constants/newHome.ts"
"src/assets/Orders/OrderItemImage.png","product imagery","medium","true","true","png","100","100","22316","src/components/OrderDetails/OrderDetailsSection.astro; src/components/Orders/OrderCard.astro"
"src/assets/Protection/BathroomFloorImage.png","product imagery","medium","true","true","png","1440","611","1098507","src/components/constants/protection.ts"
"src/assets/Protection/Calm.png","product imagery","medium","true","true","png","322","214","113530","src/components/constants/protection.ts"
"src/assets/Protection/Caregivers.png","product imagery","medium","true","true","png","376","264","202464","src/components/constants/protection.ts"
"src/assets/Protection/Cleaning.png","product imagery","medium","true","true","png","322","214","120198","src/components/constants/protection.ts"
"src/assets/Protection/ContentImage.png","product imagery","medium","true","true","png","950","542","960075","src/components/Protection/DesignedFor.astro"
"src/assets/Protection/CtaImage.png","product imagery","medium","true","true","png","560","616","532988","src/components/constants/protection.ts"
"src/assets/Protection/Entry.png","product imagery","medium","true","true","png","393","248","157278","src/components/constants/protection.ts"
"src/assets/Protection/GrabBar.png","product imagery","medium","true","true","png","322","214","102089","src/components/constants/protection.ts"
"src/assets/Protection/HandleBar.png","product imagery","medium","true","true","png","322","214","132204","src/components/constants/protection.ts"
"src/assets/Protection/InstallImage1.png","product imagery","medium","true","true","png","1080","640","878983","src/components/constants/protection.ts"
"src/assets/Protection/InstallImage2.png","product imagery","medium","true","true","png","1080","640","898783","src/components/constants/protection.ts"
"src/assets/Protection/InstallImage3.png","product imagery","medium","true","true","png","1080","640","931480","src/components/constants/protection.ts"
"src/assets/Protection/InstallImage4.png","product imagery","medium","true","true","png","1080","640","832778","src/components/constants/protection.ts"
"src/assets/Protection/MainImage.png","product imagery","medium","true","true","png","1440","611","1103709","src/components/constants/protection.ts"
"src/assets/Protection/Mount.png","product imagery","medium","true","true","png","322","214","138492","src/components/constants/protection.ts"
"src/assets/Protection/PostSurgery.png","product imagery","medium","true","true","png","376","264","192548","src/components/constants/protection.ts"
"src/assets/Protection/ProductCard-AntiSlipMat.png","product imagery","medium","true","true","png","445","480","203550","src/components/constants/protection.ts"
"src/assets/Protection/ProductCard-AntiSlipTape.png","product imagery","medium","true","true","png","445","480","214264","src/components/constants/protection.ts"
"src/assets/Protection/ProductCard-GrabBar.png","product imagery","medium","true","true","png","445","480","155635","src/components/constants/protection.ts"
"src/assets/Protection/ProductCard-HandRail.png","product imagery","medium","true","true","png","445","480","187519","src/components/constants/protection.ts"
"src/assets/Protection/SeniorParent.png","product imagery","medium","true","true","png","376","264","193435","src/components/constants/protection.ts"
"src/assets/Protection/Shower.png","product imagery","medium","true","true","png","393","248","165961","src/components/constants/protection.ts"
"src/assets/Protection/SteelStrength.png","product imagery","medium","true","true","png","322","214","98862","src/components/constants/protection.ts"
"src/assets/Protection/SupportHandle.png","product imagery","medium","true","true","png","563","458","102194","src/components/constants/protection.ts"
"src/assets/Protection/SupportStand.png","product imagery","medium","true","true","png","595","490","55019","src/components/constants/protection.ts"
"src/assets/Protection/Toilet.png","product imagery","medium","true","true","png","393","248","156205","src/components/constants/protection.ts"
"src/assets/Protection/VectorBottom.png","product imagery","medium","true","false","png","102","32","422",""
"src/assets/Protection/VectorLeft.png","product imagery","medium","true","false","png","110","133","623",""
"src/assets/Protection/VectorRight.png","product imagery","medium","true","false","png","91","120","613",""
"src/assets/Protection/matdetails.png","product imagery","medium","true","true","png","947","408","270219","src/components/constants/protection.ts"
"src/assets/Protection/redCheck.png","product imagery","medium","true","true","png","39","39","984","src/components/constants/protection.ts"
"src/assets/astro.svg","icon","high","false","true","svg","115","48","2914","src/components/Welcome.astro"
"src/assets/background.svg","icon","high","false","true","svg","1440","1024","1454","src/components/Welcome.astro"
"src/assets/svgs/Carouselnext.svg","icon","high","false","true","svg","40","40","1331","src/components/AppSection/Testimonials.astro"
"src/assets/svgs/Carouselprevious.svg","icon","high","false","true","svg","40","40","1256","src/components/AppSection/Testimonials.astro"
"src/assets/svgs/contact.svg","icon","high","false","true","svg","40","40","1662","src/components/constants/orderDetails.ts"
"src/assets/svgs/package.svg","icon","high","false","true","svg","40","40","1385","src/components/constants/orderDetails.ts"
"src/assets/svgs/smile.svg","icon","high","false","true","svg","40","40","1049","src/components/constants/orderDetails.ts"
"src/assets/svgs/truck.svg","icon","high","false","true","svg","40","40","1544","src/components/constants/orderDetails.ts"
"public/FavIcon.png","logo","high","false","true","png","1024","1024","185521","src/layouts/MainLayout.astro"
"public/favicon.svg","logo","high","false","true","svg","256","256","5450","src/pages/blogsList.json.ts"
"public/svg/Logo-new.svg","logo","high","false","true","svg","242","29","23306","src/layouts/MainLayout.astro"
"public/svg/Logo.svg","logo","high","false","false","svg","310","36","13632",""
"public/svg/tag-desktop.svg","icon","high","false","false","svg","310","36","13626",""
"public/svg/tag-new.svg","icon","high","false","true","svg","242","29","23306","src/layouts/MainLayout.astro"
"public/svg/tagline-mobile.svg","icon","high","false","false","svg","87","25","16688",""
